,MAE,MSE,RMSE,R2,set,modelo
0,582.3795055818817,519547.7907043538,720.7966361633174,0.8611480524239975,test,Random Forest cnt III
1,470.30144815783916,387083.24087223003,622.1601408578261,0.89657453582688,train,Random Forest cnt III
0,581.5947384163596,515301.057360397,717.8447306767648,0.8622830148012697,test,Random Forest cnt III
1,462.42615617959274,380042.7353749469,616.4760622886722,0.8984557010962135,train,Random Forest cnt III
